Workbook

Sheet 📋 Controle
A1: 🎓 FORMAÇÃO COMPLETA EM IA — NOCODE | Controle de Participação
A2: Coloque ✔ na célula correspondente ao aluno quando a aula for concluída
A3: # | B3: Aula / Módulo | C3: Aluno 1 | D3: Aluno 2 | E3: Aluno 3 | F3: Aluno 4 | G3: Aluno 5 | H3: Aluno 6 | I3: Aluno 7 | J3: Aluno 8 | K3: Aluno 9 | L3: Aluno 10
A4: Módulo 1 — Agentic Builder
A5: 1 | B5: Aula 1 - Introdução ao Agentic Builder
A6: 2 | B6: Aula 2 - Configurando o ambiente
A7: 3 | B7: Aula 3 - Primeiros passos com agentes
A8: 4 | B8: Aula 4 - Criando fluxos automatizados
A9: 5 | B9: Aula 5 - Integrações com APIs externas
A10: 6 | B10: Aula 6 - Conectando ferramentas NoCode
A11: 7 | B11: Aula 7 - Gerenciamento de dados
A12: 8 | B12: Aula 8 - Testes e validações
A13: 9 | B13: Aula 9 - Deploy do agente
A14: 10 | B14: Aula 10 - Projeto prático: Agente de vendas
A15: Módulo 2 — Agentes IA 2.0
A16: 1 | B16: Aula 1 - Fundamentos de IA Generativa
A17: 2 | B17: Aula 2 - Prompt Engineering avançado
A18: 3 | B18: Aula 3 - Construindo agentes inteligentes
A19: 4 | B19: Aula 4 - RAG: Recuperação e geração
A20: 5 | B20: Aula 5 - Memória e contexto em agentes
A21: 6 | B21: Aula 6 - Multi-agentes: orquestração
A22: 7 | B22: Aula 7 - Ferramentas e plugins de IA
A23: 8 | B23: Aula 8 - Automações com IA 2.0
A24: 9 | B24: Aula 9 - Escalando agentes IA
A25: 10 | B25: Aula 10 - Casos de uso avançados
A26: 11 | B26: Aula 11 - Projeto prático: Agente autônomo
A27: Módulo 3 — Vibe Builder
A28: 1 | B28: Aula 1 - Introdução ao Vibe Builder
A29: 2 | B29: Aula 2 - Design de experiência com IA
A30: 3 | B30: Aula 3 - Criando interfaces conversacionais
A31: 4 | B31: Aula 4 - Personalização de agentes
A32: 5 | B32: Aula 5 - UX/UI para produtos de IA
A33: 6 | B33: Aula 6 - Integrações com plataformas
A34: 7 | B34: Aula 7 - Publicação e distribuição
A35: 8 | B35: Aula 8 - Métricas e otimização
A36: 9 | B36: Aula 9 - Projeto final: Produto completo

Sheet 📊 Dashboard
A1: 📊 DASHBOARD — EVOLUÇÃO DOS ALUNOS | Formação Completa em IA NoCode
A2: Percentual de conclusão por módulo e por aluno — atualizado automaticamente
A3: Seção | B3: Aluno 1 | C3: Aluno 2 | D3: Aluno 3 | E3: Aluno 4 | F3: Aluno 5 | G3: Aluno 6 | H3: Aluno 7 | I3: Aluno 8 | J3: Aluno 9 | K3: Aluno 10
A4: Módulo 1 — Agentic Builder | B4: =IFERROR((COUNTIF('📋 Controle'!C5:C14,"✔")+COUNTIF('📋 Controle'!C5:C14,"x")+COUNTIF('📋 Controle'!C5:C14,"X"))/10,0) -> 0 | C4: =IFERROR((COUNTIF('📋 Controle'!D5:D14,"✔")+COUNTIF('📋 Controle'!D5:D14,"x")+COUNTIF('📋 Controle'!D5:D14,"X"))/10,0) -> 0 | D4: =IFERROR((COUNTIF('📋 Controle'!E5:E14,"✔")+COUNTIF('📋 Controle'!E5:E14,"x")+COUNTIF('📋 Controle'!E5:E14,"X"))/10,0) -> 0 | E4: =IFERROR((COUNTIF('📋 Controle'!F5:F14,"✔")+COUNTIF('📋 Controle'!F5:F14,"x")+COUNTIF('📋 Controle'!F5:F14,"X"))/10,0) -> 0 | F4: =IFERROR((COUNTIF('📋 Controle'!G5:G14,"✔")+COUNTIF('📋 Controle'!G5:G14,"x")+COUNTIF('📋 Controle'!G5:G14,"X"))/10,0) -> 0 | G4: =IFERROR((COUNTIF('📋 Controle'!H5:H14,"✔")+COUNTIF('📋 Controle'!H5:H14,"x")+COUNTIF('📋 Controle'!H5:H14,"X"))/10,0) -> 0 | H4: =IFERROR((COUNTIF('📋 Controle'!I5:I14,"✔")+COUNTIF('📋 Controle'!I5:I14,"x")+COUNTIF('📋 Controle'!I5:I14,"X"))/10,0) -> 0 | I4: =IFERROR((COUNTIF('📋 Controle'!J5:J14,"✔")+COUNTIF('📋 Controle'!J5:J14,"x")+COUNTIF('📋 Controle'!J5:J14,"X"))/10,0) -> 0 | ... K4: =IFERROR((COUNTIF('📋 Controle'!L5:L14,"✔")+COUNTIF('📋 Controle'!L5:L14,"x")+COUNTIF('📋 Controle'!L5:L14,"X"))/10,0) -> 0
A5: Módulo 2 — Agentes IA 2.0 | B5: =IFERROR((COUNTIF('📋 Controle'!C16:C26,"✔")+COUNTIF('📋 Controle'!C16:C26,"x")+COUNTIF('📋 Controle'!C16:C26,"X"))/11,0) -> 0 | C5: =IFERROR((COUNTIF('📋 Controle'!D16:D26,"✔")+COUNTIF('📋 Controle'!D16:D26,"x")+COUNTIF('📋 Controle'!D16:D26,"X"))/11,0) -> 0 | D5: =IFERROR((COUNTIF('📋 Controle'!E16:E26,"✔")+COUNTIF('📋 Controle'!E16:E26,"x")+COUNTIF('📋 Controle'!E16:E26,"X"))/11,0) -> 0 | E5: =IFERROR((COUNTIF('📋 Controle'!F16:F26,"✔")+COUNTIF('📋 Controle'!F16:F26,"x")+COUNTIF('📋 Controle'!F16:F26,"X"))/11,0) -> 0 | F5: =IFERROR((COUNTIF('📋 Controle'!G16:G26,"✔")+COUNTIF('📋 Controle'!G16:G26,"x")+COUNTIF('📋 Controle'!G16:G26,"X"))/11,0) -> 0 | G5: =IFERROR((COUNTIF('📋 Controle'!H16:H26,"✔")+COUNTIF('📋 Controle'!H16:H26,"x")+COUNTIF('📋 Controle'!H16:H26,"X"))/11,0) -> 0 | H5: =IFERROR((COUNTIF('📋 Controle'!I16:I26,"✔")+COUNTIF('📋 Controle'!I16:I26,"x")+COUNTIF('📋 Controle'!I16:I26,"X"))/11,0) -> 0 | I5: =IFERROR((COUNTIF('📋 Controle'!J16:J26,"✔")+COUNTIF('📋 Controle'!J16:J26,"x")+COUNTIF('📋 Controle'!J16:J26,"X"))/11,0) -> 0 | ... K5: =IFERROR((COUNTIF('📋 Controle'!L16:L26,"✔")+COUNTIF('📋 Controle'!L16:L26,"x")+COUNTIF('📋 Controle'!L16:L26,"X"))/11,0) -> 0
A6: Módulo 3 — Vibe Builder | B6: =IFERROR((COUNTIF('📋 Controle'!C28:C36,"✔")+COUNTIF('📋 Controle'!C28:C36,"x")+COUNTIF('📋 Controle'!C28:C36,"X"))/9,0) -> 0 | C6: =IFERROR((COUNTIF('📋 Controle'!D28:D36,"✔")+COUNTIF('📋 Controle'!D28:D36,"x")+COUNTIF('📋 Controle'!D28:D36,"X"))/9,0) -> 0 | D6: =IFERROR((COUNTIF('📋 Controle'!E28:E36,"✔")+COUNTIF('📋 Controle'!E28:E36,"x")+COUNTIF('📋 Controle'!E28:E36,"X"))/9,0) -> 0 | E6: =IFERROR((COUNTIF('📋 Controle'!F28:F36,"✔")+COUNTIF('📋 Controle'!F28:F36,"x")+COUNTIF('📋 Controle'!F28:F36,"X"))/9,0) -> 0 | F6: =IFERROR((COUNTIF('📋 Controle'!G28:G36,"✔")+COUNTIF('📋 Controle'!G28:G36,"x")+COUNTIF('📋 Controle'!G28:G36,"X"))/9,0) -> 0 | G6: =IFERROR((COUNTIF('📋 Controle'!H28:H36,"✔")+COUNTIF('📋 Controle'!H28:H36,"x")+COUNTIF('📋 Controle'!H28:H36,"X"))/9,0) -> 0 | H6: =IFERROR((COUNTIF('📋 Controle'!I28:I36,"✔")+COUNTIF('📋 Controle'!I28:I36,"x")+COUNTIF('📋 Controle'!I28:I36,"X"))/9,0) -> 0 | I6: =IFERROR((COUNTIF('📋 Controle'!J28:J36,"✔")+COUNTIF('📋 Controle'!J28:J36,"x")+COUNTIF('📋 Controle'!J28:J36,"X"))/9,0) -> 0 | ... K6: =IFERROR((COUNTIF('📋 Controle'!L28:L36,"✔")+COUNTIF('📋 Controle'!L28:L36,"x")+COUNTIF('📋 Controle'!L28:L36,"X"))/9,0) -> 0
A8: 🏆 PROGRESSO GERAL | B8: =IFERROR((COUNTIF('📋 Controle'!C5:C14,"✔")+COUNTIF('📋 Controle'!C5:C14,"x")+COUNTIF('📋 Controle'!C5:C14,"X")+COUNTIF('📋 Controle'!C16:C26,"✔")+COUNTIF('📋 Controle'!C16:C26,"x")+COUNTIF('📋 Controle'!C16:C26,"X")+COUNTIF('📋 Controle'!C28:C36,"✔")+COUNTIF('📋 Controle'!C28:C36,"x")+COUNTIF('📋 Controle'!C28:C36,"X"))/30,0) -> 0 | C8: =IFERROR((COUNTIF('📋 Controle'!D5:D14,"✔")+COUNTIF('📋 Controle'!D5:D14,"x")+COUNTIF('📋 Controle'!D5:D14,"X")+COUNTIF('📋 Controle'!D16:D26,"✔")+COUNTIF('📋 Controle'!D16:D26,"x")+COUNTIF('📋 Controle'!D16:D26,"X")+COUNTIF('📋 Controle'!D28:D36,"✔")+COUNTIF('📋 Controle'!D28:D36,"x")+COUNTIF('📋 Controle'!D28:D36,"X"))/30,0) -> 0 | D8: =IFERROR((COUNTIF('📋 Controle'!E5:E14,"✔")+COUNTIF('📋 Controle'!E5:E14,"x")+COUNTIF('📋 Controle'!E5:E14,"X")+COUNTIF('📋 Controle'!E16:E26,"✔")+COUNTIF('📋 Controle'!E16:E26,"x")+COUNTIF('📋 Controle'!E16:E26,"X")+COUNTIF('📋 Controle'!E28:E36,"✔")+COUNTIF('📋 Controle'!E28:E36,"x")+COUNTIF('📋 Controle'!E28:E36,"X"))/30,0) -> 0 | E8: =IFERROR((COUNTIF('📋 Controle'!F5:F14,"✔")+COUNTIF('📋 Controle'!F5:F14,"x")+COUNTIF('📋 Controle'!F5:F14,"X")+COUNTIF('📋 Controle'!F16:F26,"✔")+COUNTIF('📋 Controle'!F16:F26,"x")+COUNTIF('📋 Controle'!F16:F26,"X")+COUNTIF('📋 Controle'!F28:F36,"✔")+COUNTIF('📋 Controle'!F28:F36,"x")+COUNTIF('📋 Controle'!F28:F36,"X"))/30,0) -> 0 | F8: =IFERROR((COUNTIF('📋 Controle'!G5:G14,"✔")+COUNTIF('📋 Controle'!G5:G14,"x")+COUNTIF('📋 Controle'!G5:G14,"X")+COUNTIF('📋 Controle'!G16:G26,"✔")+COUNTIF('📋 Controle'!G16:G26,"x")+COUNTIF('📋 Controle'!G16:G26,"X")+COUNTIF('📋 Controle'!G28:G36,"✔")+COUNTIF('📋 Controle'!G28:G36,"x")+COUNTIF('📋 Controle'!G28:G36,"X"))/30,0) -> 0 | G8: =IFERROR((COUNTIF('📋 Controle'!H5:H14,"✔")+COUNTIF('📋 Controle'!H5:H14,"x")+COUNTIF('📋 Controle'!H5:H14,"X")+COUNTIF('📋 Controle'!H16:H26,"✔")+COUNTIF('📋 Controle'!H16:H26,"x")+COUNTIF('📋 Controle'!H16:H26,"X")+COUNTIF('📋 Controle'!H28:H36,"✔")+COUNTIF('📋 Controle'!H28:H36,"x")+COUNTIF('📋 Controle'!H28:H36,"X"))/30,0) -> 0 | H8: =IFERROR((COUNTIF('📋 Controle'!I5:I14,"✔")+COUNTIF('📋 Controle'!I5:I14,"x")+COUNTIF('📋 Controle'!I5:I14,"X")+COUNTIF('📋 Controle'!I16:I26,"✔")+COUNTIF('📋 Controle'!I16:I26,"x")+COUNTIF('📋 Controle'!I16:I26,"X")+COUNTIF('📋 Controle'!I28:I36,"✔")+COUNTIF('📋 Controle'!I28:I36,"x")+COUNTIF('📋 Controle'!I28:I36,"X"))/30,0) -> 0 | I8: =IFERROR((COUNTIF('📋 Controle'!J5:J14,"✔")+COUNTIF('📋 Controle'!J5:J14,"x")+COUNTIF('📋 Controle'!J5:J14,"X")+COUNTIF('📋 Controle'!J16:J26,"✔")+COUNTIF('📋 Controle'!J16:J26,"x")+COUNTIF('📋 Controle'!J16:J26,"X")+COUNTIF('📋 Controle'!J28:J36,"✔")+COUNTIF('📋 Controle'!J28:J36,"x")+COUNTIF('📋 Controle'!J28:J36,"X"))/30,0) -> 0 | ... K8: =IFERROR((COUNTIF('📋 Controle'!L5:L14,"✔")+COUNTIF('📋 Controle'!L5:L14,"x")+COUNTIF('📋 Controle'!L5:L14,"X")+COUNTIF('📋 Controle'!L16:L26,"✔")+COUNTIF('📋 Controle'!L16:L26,"x")+COUNTIF('📋 Controle'!L16:L26,"X")+COUNTIF('📋 Controle'!L28:L36,"✔")+COUNTIF('📋 Controle'!L28:L36,"x")+COUNTIF('📋 Controle'!L28:L36,"X"))/30,0) -> 0
A10: 🥇 RANKING DOS ALUNOS
A11: Colocação | B11: Aluno | C11: Progresso Geral
A12: 🥇 | B12: =IFERROR(INDEX($E$12:$E$21,MATCH(1,$G$12:$G$21,0)),"—") -> Aluno 1 | C12: =IFERROR(LARGE($H$12:$H$21,1),0) -> 0 | E12: Aluno 1 | F12: =B8 -> 0 | G12: =RANK(B8,$B$8:$K$8,0)+COUNTIF($B$8:B8,B8)-1 -> 1 | H12: =B8 -> 0
A13: 🥈 | B13: =IFERROR(INDEX($E$12:$E$21,MATCH(2,$G$12:$G$21,0)),"—") -> Aluno 2 | C13: =IFERROR(LARGE($H$12:$H$21,2),0) -> 0 | E13: Aluno 2 | F13: =C8 -> 0 | G13: =RANK(C8,$B$8:$K$8,0)+COUNTIF($B$8:C8,C8)-1 -> 2 | H13: =C8 -> 0
A14: 🥉 | B14: =IFERROR(INDEX($E$12:$E$21,MATCH(3,$G$12:$G$21,0)),"—") -> Aluno 3 | C14: =IFERROR(LARGE($H$12:$H$21,3),0) -> 0 | E14: Aluno 3 | F14: =D8 -> 0 | G14: =RANK(D8,$B$8:$K$8,0)+COUNTIF($B$8:D8,D8)-1 -> 3 | H14: =D8 -> 0
A15: 4º | B15: =IFERROR(INDEX($E$12:$E$21,MATCH(4,$G$12:$G$21,0)),"—") -> Aluno 4 | C15: =IFERROR(LARGE($H$12:$H$21,4),0) -> 0 | E15: Aluno 4 | F15: =E8 -> 0 | G15: =RANK(E8,$B$8:$K$8,0)+COUNTIF($B$8:E8,E8)-1 -> 4 | H15: =E8 -> 0
A16: 5º | B16: =IFERROR(INDEX($E$12:$E$21,MATCH(5,$G$12:$G$21,0)),"—") -> Aluno 5 | C16: =IFERROR(LARGE($H$12:$H$21,5),0) -> 0 | E16: Aluno 5 | F16: =F8 -> 0 | G16: =RANK(F8,$B$8:$K$8,0)+COUNTIF($B$8:F8,F8)-1 -> 5 | H16: =F8 -> 0
A17: 6º | B17: =IFERROR(INDEX($E$12:$E$21,MATCH(6,$G$12:$G$21,0)),"—") -> Aluno 6 | C17: =IFERROR(LARGE($H$12:$H$21,6),0) -> 0 | E17: Aluno 6 | F17: =G8 -> 0 | G17: =RANK(G8,$B$8:$K$8,0)+COUNTIF($B$8:G8,G8)-1 -> 6 | H17: =G8 -> 0
A18: 7º | B18: =IFERROR(INDEX($E$12:$E$21,MATCH(7,$G$12:$G$21,0)),"—") -> Aluno 7 | C18: =IFERROR(LARGE($H$12:$H$21,7),0) -> 0 | E18: Aluno 7 | F18: =H8 -> 0 | G18: =RANK(H8,$B$8:$K$8,0)+COUNTIF($B$8:H8,H8)-1 -> 7 | H18: =H8 -> 0
A19: 8º | B19: =IFERROR(INDEX($E$12:$E$21,MATCH(8,$G$12:$G$21,0)),"—") -> Aluno 8 | C19: =IFERROR(LARGE($H$12:$H$21,8),0) -> 0 | E19: Aluno 8 | F19: =I8 -> 0 | G19: =RANK(I8,$B$8:$K$8,0)+COUNTIF($B$8:I8,I8)-1 -> 8 | H19: =I8 -> 0
A20: 9º | B20: =IFERROR(INDEX($E$12:$E$21,MATCH(9,$G$12:$G$21,0)),"—") -> Aluno 9 | C20: =IFERROR(LARGE($H$12:$H$21,9),0) -> 0 | E20: Aluno 9 | F20: =J8 -> 0 | G20: =RANK(J8,$B$8:$K$8,0)+COUNTIF($B$8:J8,J8)-1 -> 9 | H20: =J8 -> 0
A21: 10º | B21: =IFERROR(INDEX($E$12:$E$21,MATCH(10,$G$12:$G$21,0)),"—") -> Aluno 10 | C21: =IFERROR(LARGE($H$12:$H$21,10),0) -> 0 | E21: Aluno 10 | F21: =K8 -> 0 | G21: =RANK(K8,$B$8:$K$8,0)+COUNTIF($B$8:K8,K8)-1 -> 10 | H21: =K8 -> 0

Sheet ℹ️ Instruções
A1: ℹ️ Como usar esta planilha
A2: 📋 Controle de Presença
A3: Na aba '📋 Controle', cada linha representa uma aula do curso.
A4: Para marcar presença, clique na célula do aluno e da aula e digite ✔ (ou 'x' ou 'X').
A5: A célula ficará verde automaticamente ao ser marcada.
A7: 📊 Dashboard
A8: A aba '📊 Dashboard' atualiza automaticamente o progresso de cada aluno.
A9: Percentual de conclusão por módulo e geral aparecem com escala de cores:
A10: 🔴 Vermelho = 0% 🟡 Amarelo = 50% 🟢 Verde = 100%
A11: O ranking classifica automaticamente os alunos pelo progresso geral.
A13: ✏️ Personalização
A14: Para renomear alunos: na aba Controle, altere os nomes na linha 3 (colunas C a L).
... A18: Se o curso tiver aulas diferentes das listadas, edite os nomes na coluna B da aba Controle.
